-- phpMyAdmin SQL Dump
-- version 4.9.2
-- https://www.phpmyadmin.net/
--
-- Host: 127.0.0.1:3308
-- Generation Time: Jul 20, 2021 at 03:59 PM
-- Server version: 8.0.18
-- PHP Version: 7.3.12

SET SQL_MODE = "NO_AUTO_VALUE_ON_ZERO";
SET AUTOCOMMIT = 0;
START TRANSACTION;
SET time_zone = "+00:00";


/*!40101 SET @OLD_CHARACTER_SET_CLIENT=@@CHARACTER_SET_CLIENT */;
/*!40101 SET @OLD_CHARACTER_SET_RESULTS=@@CHARACTER_SET_RESULTS */;
/*!40101 SET @OLD_COLLATION_CONNECTION=@@COLLATION_CONNECTION */;
/*!40101 SET NAMES utf8mb4 */;

--
-- Database: `educaid`
--

-- --------------------------------------------------------

--
-- Table structure for table `answers`
--

DROP TABLE IF EXISTS `answers`;
CREATE TABLE IF NOT EXISTS `answers` (
  `id` varchar(255) NOT NULL,
  `correct` bit(1) NOT NULL,
  `text` varchar(255) DEFAULT NULL,
  `question_id` int(11) DEFAULT NULL,
  PRIMARY KEY (`id`),
  KEY `FK3erw1a3t0r78st8ty27x6v3g1` (`question_id`)
) ENGINE=InnoDB DEFAULT CHARSET=utf8mb4 COLLATE=utf8mb4_0900_ai_ci;

--
-- Dumping data for table `answers`
--

INSERT INTO `answers` (`id`, `correct`, `text`, `question_id`) VALUES
('10a', b'1', 'נהפוך את התינוק על האמה שלנו ונטפח על החלק העליון של גבו 5 פעמים', 10),
('10b', b'0', 'נשכיב את התינוק כשגבו מונח על האמה שלנו ונטפח על בית החזה שלו 5 פעמים', 10),
('10c', b'0', 'נשכיב את התינוק כשגבו מונח על האמה שלנו ונטפח על בית החזה שלו 10 פעמים', 10),
('10d', b'0', 'נהפוך את התינוק על האמה שלנו ונטפח על החלק העליון של גבו 10 פעמים', 10),
('11a', b'1', 'כל התשובות נכונות', 11),
('11b', b'0', 'נסתכל על בית החזה של מטופל וננסה לראות את עלייתו', 11),
('11c', b'0', 'נקרב את אוזנינו לפניו של המטופל וננסה לשמוע את נשימתו', 11),
('11d', b'0', 'נשים יד על בית החזה של המטופל וננסה להרגיש את עלייתו', 11),
('12a', b'1', 'בעורק הברכיאלי (חלק הפנימי של הזרוע)', 12),
('12b', b'0', 'בעורק הקרוטידי (בצוואר)', 12),
('12c', b'0', 'בכף ידו של התינוק', 12),
('12d', b'0', 'בכף רגלו של התינוק', 12),
('13a', b'1', 'תזעיקו את מד\"א', 13),
('13b', b'0', 'תעברו לבדיקת נשימה', 13),
('13c', b'0', 'תעברו לבדיקת דופק', 13),
('13d', b'0', 'אף תשובה אינה נכונה', 13),
('14a', b'1', 'בכפות רגליו', 14),
('14b', b'0', 'בבית החזה שלו (סטרנום)', 14),
('14c', b'0', 'בשרירי הטרפזים', 14),
('14d', b'0', 'בבטנו', 14),
('15a', b'1', '30', 15),
('15b', b'0', '60', 15),
('15c', b'0', '120', 15),
('15d', b'0', 'אף תשובה אינה נכונה', 15),
('16a', b'1', 'נחזור על אותם פעולות שוב', 16),
('16b', b'0', 'נעבור מיד להחייאת תינוקות', 16),
('16c', b'0', 'נעבור לשיטה אחרת להוצאת הגוף הזר', 16),
('16d', b'0', 'אף תשובה אינה נכונה', 16),
('17a', b'1', 'נעבור מיד להחייאת תינוקות', 17),
('17b', b'0', 'נעבור לשיטה אחרת להוצאת הגוף הזר', 17),
('17c', b'0', 'נחזור על אותם פעולות שוב', 17),
('17d', b'0', 'אף תשובה אינה נכונה', 17),
('18a', b'1', 'תמשיכו בסבבים של 30 עיסויים ו-2 הנשמות', 18),
('18b', b'0', 'תמשיכו בסבבים של 30 הנשמות ו-2 עיסויים', 18),
('18c', b'0', 'תמשיכו בהנשמות בלבד', 18),
('18d', b'0', 'תמשיכו בעיסויים בלבד', 18),
('19a', b'1', 'S C A B', 19),
('19b', b'0', 'C S A B', 19),
('19c', b'0', 'S C B A ', 19),
('19d', b'0', 'S A B C', 19),
('1a', b'1', 'נצמיד אותו לקיר ונלחץ על בית החזה שלו כמו בהיימליך', 1),
('1b', b'0', 'נעבור ישר לפעולות החייאה', 1),
('1c', b'0', 'אף תשובה אינה נכונה', 1),
('1d', b'0', 'נדפוק על גבו מספר פעמים ואם הגוף הזר לא יצא, נעבור לפעולות החייאה', 1),
('20a', b'1', '120', 20),
('20b', b'0', '60', 20),
('20c', b'0', '75', 20),
('20d', b'0', '45', 20),
('21a', b'1', 'אדם שהוכש', 21),
('21b', b'0', 'אדם שטבע בבריכה', 21),
('21c', b'0', 'אדם שהתחשמל כתוצאה ממכת ברק', 21),
('21d', b'0', 'אדם שלקה בליבו', 21),
('22a', b'1', 'כינוי למתן מכות קלות על גבו של התינוק', 22),
('22b', b'0', 'אף תשובה אינה נכונה', 22),
('22c', b'0', 'כינוי למתן הנשמות בתינוק', 22),
('22d', b'0', 'כינוי למתן עיסויים בתינוק', 22),
('23a', b'1', 'התינוק יבכה', 23),
('23b', b'0', 'עור כחלחל', 23),
('23c', b'0', 'אובדן הכרה', 23),
('23d', b'0', 'שיעול חלש', 23),
('24a', b'1', 'קצב העיסויים (עיסויים לדקה)', 24),
('24b', b'0', 'שתי התשובות נכונות', 24),
('24c', b'0', 'אף תשובה אינה נכונה', 24),
('24d', b'0', 'מספר העיסויים בסבב', 24),
('25a', b'1', 'נפח האוויר', 25),
('25b', b'0', 'מספר ההנשמות בסבב', 25),
('25c', b'0', 'שתי התשובות נכונות ', 25),
('25d', b'0', 'אף תשובה אינה נכונה', 25),
('26a', b'1', 'אין הבדל', 26),
('26b', b'0', 'בהחייאת תינוקות מבצעים את שלב A לפני שלב C ואילו במבוגרים זה הפוך\r\n', 26),
('26c', b'0', 'בהחייאת מבוגרים מבצעים את שלב B לפני שלב A ואילו בתינוקות זה הפוך', 26),
('26d', b'0', 'בהחייאת תינוקות מבצעים קודם בדיקת הכרה ואחר כך בדיקת נשימה ואילו במבוגרים זה הפוך', 26),
('27a', b'1', 'בדיקת הכרה – קולית', 27),
('27b', b'0', 'בדיקת הכרה – כאב', 27),
('27c', b'0', 'בדיקת נשימה', 27),
('27d', b'0', 'בדיקת דופק', 27),
('28a', b'1', 'תפנו את אותו אדם למקום בטוח', 28),
('28b', b'0', 'תתחילו בביצוע עיסויים כדי לא לבזבז זמן יקר', 28),
('28c', b'0', 'תזעיקו את מד\"א', 28),
('28d', b'0', 'אף תשובה אינה נכונה', 28),
('29a', b'1', 'שתי התשובות נכונות', 29),
('29b', b'0', 'אף תשובה אינה נכונה', 29),
('29c', b'0', 'מרפקים נעולים', 29),
('29d', b'0', 'לשים את המטופל על משטח קשיח ', 29),
('2a', b'1', '30', 2),
('2b', b'0', '60', 2),
('2c', b'0', '120', 2),
('2d', b'0', 'אף תשובה אינה נכונה', 2),
('30a', b'1', 'נקיף את המטופל עם ידינו תוך יצירת אגרוף על בית החזה של המטופל ונלחץ פנימה ואז למעלה', 30),
('30b', b'0', 'נקיף את המטופל עם ידינו תוך יצירת אגרוף על בטנו של המטופל ונלחץ פנימה ואז למעלה', 30),
('30c', b'0', 'נקיף את המטופל עם ידינו תוך יצירת אגרוף על בית החזה של המטופל ונלחץ למעלה ואז פנימה', 30),
('30d', b'0', 'נקיף את המטופל עם ידינו תוך יצירת אגרוף על בטנו של המטופל ונלחץ למעלה ואז פנימה', 30),
('31a', b'1', 'מצב שבו טמפרטורת גופו של אדם גבוהה מ-40 מעלות צלזיוס', 31),
('31b', b'0', 'מצב שבו טמפרטורת גופו של אדם גבוהה מ-37.5 מעלות צלזיוס', 31),
('31c', b'0', 'מצב שבו טמפרטורת גופו של אדם גבוהה מ- 42 מעלות צלזיוס', 31),
('31d', b'0', 'אף תשובה אינה נכונה', 31),
('32a', b'1', 'כ-40 ליטר מים', 32),
('32b', b'0', 'כ-2 ליטר מים', 32),
('32c', b'0', 'כ-10 ליטר מים', 32),
('32d', b'0', 'כ-5 ליטר מים', 32),
('33a', b'1', '3', 33),
('33b', b'0', '2', 33),
('33c', b'0', 'אין כמה דרגות, רק אחד', 33),
('33d', b'0', '4', 33),
('34a', b'1', 'בפי הטבעת', 34),
('34b', b'0', 'בבית השחי', 34),
('34c', b'0', 'אפשר גם בפי הטבעת וגם בפה', 34),
('34d', b'0', 'בפה', 34),
('35a', b'1', 'כשטמפרטורת הגוף יורדת מ-35 מעלות צלזיוס', 35),
('35b', b'0', 'כשטמפרטורת הגוף יורדת מ-36 מעלות צלזיוס', 35),
('35c', b'0', 'כשטמפרטורת הגוף יורדת מ-32 מעלות צלזיוס', 35),
('35d', b'0', 'כשטמפרטורת הגוף יורדת מ-28 מעלות צלזיוס', 35),
('36a', b'1', 'שלפוחיות על האיבר הפגוע', 36),
('36b', b'0', 'שתי התשובות נכונות', 36),
('36c', b'0', 'דופק הגפה חזק ואיטי', 36),
('36d', b'0', 'אף תשובה אינה נכונה', 36),
('37a', b'1', 'כל התשובות נכונות', 37),
('37b', b'0', 'הזיות', 37),
('37c', b'0', 'בחילות והקאות', 37),
('37d', b'0', 'הפרעות בראייה ובשמיעה', 37),
('38a', b'1', 'משקאות מתוקים', 38),
('38b', b'0', 'מים קרים מדי', 38),
('38c', b'0', 'שתיית כמות מים גדולה בפרק זמן קצר', 38),
('38d', b'0', 'כל התשובות נכונות', 38),
('39a', b'1', 'אפתיה, רעד בשרירים וחוסר התמצאות במרחב', 39),
('39b', b'0', 'ערפול הכרה וירידה בלחץ הדם', 39),
('39c', b'0', 'האטה בקצב הלב והנשימה ', 39),
('39d', b'0', 'איבוד ההכרה, דום נשימה ודום לב', 39),
('3a', b'1', 'תבצעו בבן אדם תמרון היימליך', 3),
('3b', b'0', 'תזעיקו את מד\"א', 3),
('3c', b'0', 'תבצעו בו החייאה', 3),
('3d', b'0', 'כל התשובות נכונות', 3),
('40a', b'1', 'כל התשובות נכונות', 40),
('40b', b'0', 'ניצור משב רוח על גופו', 40),
('40c', b'0', 'נעביר אותו לסביבה מוצלת וקרירה', 40),
('40d', b'0', 'נוריד ממנו בגדים ', 40),
('41a', b'1', 'שתי התשובות נכונות', 41),
('41b', b'0', 'אף תשובה אינה נכונה', 41),
('41c', b'0', 'כאבי ראש ,סחרחורות, בלבול והזיות', 41),
('41d', b'0', 'איבוד הכרה', 41),
('42a', b'1', 'לקבע את הגף הפגועה', 42),
('42b', b'0', 'לעסות את הגף הפגועה', 42),
('42c', b'0', 'להניח את הגפה הפגועה על מקור חום יבש', 42),
('42d', b'0', 'לפוצץ שלפוחיות', 42),
('43a', b'1', 'בכולם מבצעים בדיקת חום רקטלית ', 43),
('43b', b'0', 'שתי התשובות נכונות', 43),
('43c', b'0', 'בכולם מפשיטים את הנפגע מבגדיו', 43),
('43d', b'0', 'אף תשובה אינה נכונה', 43),
('44a', b'1', 'משתיית אלכוהול', 44),
('44b', b'0', 'משתיית משקה חם', 44),
('44c', b'0', 'משתיית משקאות ממותקים', 44),
('44d', b'0', 'משתיית מים', 44),
('45a', b'1', 'משתיית משקאות ממותקים', 45),
('45b', b'0', 'משתיית מים', 45),
('45c', b'0', 'משתיית אלכוהול', 45),
('45d', b'0', 'משתיית משקה חם', 45),
('46a', b'1', 'על מרכז גופו', 46),
('46b', b'0', 'על ראשו', 46),
('46c', b'0', 'על חלק גופו התחתון', 46),
('46d', b'0', 'גם על ראשו וגם על מרכז גופו', 46),
('47a', b'1', 'מכסים אותו בשמיכות', 47),
('47b', b'0', 'מפנים מיידית למתקן הרפואי הסמוך', 47),
('47c', b'0', 'אף תשובה אינה נכונה', 47),
('47d', b'0', 'מחממים את הנפגע באמצעות חימום ישיר (עיסוי העור או תנור חימום אם יש)', 47),
('48a', b'1', 'מכת קור', 48),
('48b', b'0', 'התייבשות', 48),
('48c', b'0', 'מכת חום', 48),
('48d', b'0', 'כל התשובות נכונות', 48),
('49a', b'1', 'שלא לפוצץ שלפוחיות', 49),
('49b', b'0', 'שלא ללחוץ חזק מדי על הגפה הפגועה', 49),
('49c', b'0', 'להשתמש בחבישה מיוחדת על בסיס וזלין', 49),
('49d', b'0', 'כל התשובות נכונות', 49),
('4a', b'1', 'הרחקת המטופל מגורם מסכן', 4),
('4b', b'0', 'בדיקת הכרה', 4),
('4c', b'0', 'מתן עיסויים', 4),
('4d', b'0', 'מתן הנשמות', 4),
('50a', b'1', 'יש לפנות אותו מיידית לבית החולים או למתקן רפואי סמוך', 50),
('50b', b'0', 'להמשיך לתת לו לשתות כדי לפצות על אובדן הנוזלים', 50),
('50c', b'0', 'ניתן למטופל כדורים נגד בחילות', 50),
('50d', b'0', 'ניתן למטופל שתייה מתוקה', 50),
('51a', b'1', 'גם במכת חום וגם בהתייבשות', 51),
('51b', b'0', 'מכת קור', 51),
('51c', b'0', 'התייבשות', 51),
('51d', b'0', 'מכת חום', 51),
('52a', b'1', 'בשכיבה ותוך מניעת טלטולו', 52),
('52b', b'0', 'אם המטופל יכול ללכת, אז בהליכה', 52),
('52c', b'0', 'אפשר לפנות אותו איך שרוצים, זה לא משנה', 52),
('52d', b'0', 'אסור להזיזו כלל ולכן רק בפינוי מוסק או רגלי', 52),
('53a', b'1', 'מפשירים אותה במים חמימים', 53),
('53b', b'0', 'מקבעים אותה כמו בשבר', 53),
('53c', b'0', 'חובשים אותה בחבישה סטרילית', 53),
('53d', b'0', 'אף תשובה אינה נכונה', 53),
('54a', b'1', 'מכת קור נובעת אך ורק כתוצאה מחשיפה ממושכת לטמפרטורות נמוכות וסביבה קרה', 54),
('54b', b'0', 'אף תשובה אינה נכונה', 54),
('54c', b'0', 'מכת חום נובעת אך ורק כתוצאה מחשיפה ממושכת לסביבה חמה', 54),
('54d', b'0', 'התייבשות נובעת אך ורק כתוצאה מחשיפה ממושכת לשמש', 54),
('55a', b'1', 'אף תשובה אינה נכונה', 55),
('55b', b'0', 'בן אדם שנפגע ממכת חום בהכרח סובל גם מהתייבשות', 55),
('55c', b'0', 'בן אדם שסובל מכוויות קור בהכרח סובל גם ממכת קור', 55),
('55d', b'0', 'שתי התשובות נכונות', 55),
('56a', b'1', 'שתי התשובות נכונות', 56),
('56b', b'0', 'אף תשובה אינה נכונה', 56),
('56c', b'0', 'בן אדם שסובל מכוויות קור עלול לסבול גם ממכת קור', 56),
('56d', b'0', 'בן אדם שסובל מהתייבשות עלול לסבול גם ממכת חום', 56),
('57a', b'1', 'גם במכת חום וגם במכת קור הנפגע עשוי לסבול מאפתיה (\"ריחוף\")', 57),
('57b', b'0', 'בהתייבשות דופק הלב מהיר ובמכת קור הוא איטי יחסית', 57),
('57c', b'0', 'גם במכת קור וגם במכת חום הנפגע עלול לאבד את הכרתו', 57),
('57d', b'0', 'גם בהתייבשות וגם במכת חום הנפגע עלול לסבול מסחרחורות', 57),
('58a', b'1', 'המים הקרים עלולים לגרום לכלי הדם להתכווץ ולמנוע פליטת חום מן הגוף', 58),
('58b', b'0', 'המעבר של הגוף מטמפרטורה גבוהה לטמפרטורה נמוכה בבת אחת עשוי לגרום לגופו של הנפגע להכנס לשוק ולגרום לפרכוסים', 58),
('58c', b'0', 'שפיכה של מים קרים על הנפגע עשויה לגרום דווקא למכת קור', 58),
('58d', b'0', 'כל התשובות נכונות', 58),
('59a', b'1', 'פעולה זו עשויה לגרום לכוויות ולשריפת העור בשל חוסר התחושה בגפה', 59),
('59b', b'0', 'חימום הגף הפגועה באופן ישיר עלולה לפגוע בשרירי הגפה ולגרום להם נזק עתידי', 59),
('59c', b'0', 'אף תשובה אינה נכונה', 59),
('59d', b'0', 'חימום הגף הפגועה באופן ישיר עלולה לפגוע בעצבי הגפה ולגרום להם נזק עתידי', 59),
('5a', b'1', 'תדלגו לשלב A', 5),
('5b', b'0', 'תמשיכו לשלב C', 5),
('5c', b'0', 'תעצרו לגמרי את הסכמה ותחכו למד\"א', 5),
('5d', b'0', 'תדלגו לשלב B', 5),
('60a', b'1', 'בדיקה במקום זה נחשבת למדויקת ומהימנה יותר', 60),
('60b', b'0', 'ברוב המקרים המטופל יהיה חסר הכרה ואז נתקשה לבדוק בפיו בשל הצורך לשמור על נתיב אוויר פתוח ובשל ההפרשות באזור', 60),
('60c', b'0', 'זה כלל לא משנה היכן מצבעים את הבדיקה ולכן אין חשיבות מיוחדת לבדיקה רקטלית (בפי הטבעת)', 60),
('60d', b'0', 'בדיקה בפי הטבעת היא מהירה יותר מבדיקה בפה למשל, ולכן חשוב לבצע שם את הבדיקה על מנת למנוע בזבוז של זמן יקר', 60),
('6a', b'1', 'בדיקת הכרה, בדיקת נשימה ובדיקת דופק', 6),
('6b', b'0', 'בדיקת הכרה בלבד', 6),
('6c', b'0', 'בדיקת נשימה ובדיקת דופק ', 6),
('6d', b'0', 'בדיקת הכרה ובדיקת נשימה ', 6),
('7a', b'1', 'ביצוע לחיצות על הסרעפת של אדם מבוגר על מנת להוציא גוף זר תקוע', 7),
('7b', b'0', 'ביצוע טפיחות על גב התינוק על מנת להוציא גוף זר תקוע', 7),
('7c', b'0', 'אף תשובה אינה נכונה', 7),
('7d', b'0', 'הפיכת התינוק על גבי האמה על מנת לסלק ממנו הפרשות', 7),
('8a', b'1', 'מסלקים הפרשות', 8),
('8b', b'0', 'מבצעים הנשמות', 8),
('8c', b'0', 'מבצעים בדיקת הכרה', 8),
('8d', b'0', 'מבצעים עיסויים', 8),
('9a', b'1', 'עצם בית החזה', 9),
('9b', b'0', 'נקודת חיבור הצלעות בחלק העליון של הבטן', 9),
('9c', b'0', 'כינוי לשריר באיזור הכתפיים', 9),
('9d', b'0', 'אף תשובה אינה נכונה', 9);

-- --------------------------------------------------------

--
-- Table structure for table `instructions`
--

DROP TABLE IF EXISTS `instructions`;
CREATE TABLE IF NOT EXISTS `instructions` (
  `id` int(11) NOT NULL,
  `text` longtext,
  `voice_url` varchar(255) DEFAULT NULL,
  `medical_case_case_name` varchar(255) DEFAULT NULL,
  PRIMARY KEY (`id`),
  KEY `FKsgiqfxq0so695vfbavumgjde5` (`medical_case_case_name`)
) ENGINE=InnoDB DEFAULT CHARSET=utf8mb4 COLLATE=utf8mb4_0900_ai_ci;

--
-- Dumping data for table `instructions`
--

INSERT INTO `instructions` (`id`, `text`, `voice_url`, `medical_case_case_name`) VALUES
(1, 'S - בטיחות.שלב זה כולל בתוכו את חמש הפעולות הבאות:', 'cpra1.ogg', 'החייאה - מבוגרים'),
(2, 'הרחיקו את המטופל מגורם העלול לסכן אותו (לדוגמא במקרה של טביעה נוציא אותו מהמים)', 'cpra2.ogg', 'החייאה - מבוגרים'),
(3, 'בדיקת הכרה - התחילו בבדיקה קולית - קראו למטופל ובצעו מחיאות כף\r\nליד אוזניו. אם המטופל אינו מגיב המשיכו לבדיקת כאב – לחצו על שרירי הטרפזים או שפשפו את עצם החזה שלו (סטרנום)', 'cpra3.ogg', 'החייאה - מבוגרים'),
(4, 'אם המטופל עדיין אינו מגיב הזעיקו את מד\"א וקראו לעזרה', 'cpra4.ogg', 'החייאה - מבוגרים'),
(5, 'בדיקת נשימה - הניחו יד אחת על בית החזה ובדקו אם ישנה עלייה וירידה שלו. במקביל הניחו את אוזניכם סמוך לפניו על מנת לנסות לשמוע את נשימתו. אם אכן התרשמתם שהמטופל אינו נושם – בצעו בדיקת דופק', 'cpra5.ogg', 'החייאה - מבוגרים'),
(6, 'בדיקת דופק – הניחו שתי אצבעות על עורקו הראשי של המטופל באזור הצוואר למשך מספר שניות ונסו להרגיש אם למטופל יש דופק. אם אין דופק או שאינכם בטוחים, עברו לשלב הבא, אחרת – דלגו לשלב A.', 'cpra6.ogg', 'החייאה - מבוגרים'),
(7, 'C – מתן עיסויים. הניחו את היד החלשה על בית החזה (קו הפטמות) של המטופל ואת היד החזקה הניחו עליה. התחילו ללחוץ על בית החזה של המטופל 30 פעמים בקצב של כמאה עיסויים בדקה. שימו לב! יש להקפיד על מרפקים נעולים בעת הלחיצה ולבצע את ההחייאה על גבי משטח קשיח על מנת לשמור על יעילות הטיפול\r\n\r\n', 'cpra7.ogg', 'החייאה - מבוגרים'),
(8, 'A – פתיחת נתיב אוויר. פתחו את פיו של המטופל. במידה ויש הפרשות, הטו את ראשו הצידה וסלקו אותם באמצעות חפץ כלשהו או מקל, רצוי שלא עם האצבעות', 'cpra8.ogg', 'החייאה - מבוגרים'),
(9, 'B – מתן הנשמות. קבעו בעדינות את ראש המטופל לאחור ופתחו את פיו. ביד אחת לחצו על אפו של המטופל (על מנת למנוע מהאוויר לצאת מן האף) ועם היד השנייה אחזו בסנטרו ושמרו על פיו פתוח. בצעו 2 הנשמות חזקות לתוך פיו של המטופל בהפרש של 2 שניות בין הנשמה להנשמה. שימו לב! יש לאטום באופן מלא את פיו של המטופל ויש להקפיד לשחרר את הלחיצה על האף בין הנשמה להנשמה', 'cpra9.ogg', 'החייאה - מבוגרים'),
(10, 'המשיכו בסבבים של 30 עיסויים ושתי הנשמות עד להגעת צוות מד\"א', 'cpra10.ogg', 'החייאה - מבוגרים'),
(11, 'שטפו את אזור ההכשה במים', 'snake1.ogg', 'הכשת נחש'),
(12, 'הושיבו את המטופל, הרגיעו אותו ומנעו ממנו לזוז. כל תנועה מצד המטופל עלולה להחמיר את המצב ולגרום לארס הנחש להתפשט בגוף מהר יותר', 'snake2.ogg', 'הכשת נחש'),
(13, 'קבעו את הגף הפגועה כמו בשבר (ראו במקרים נוספים)', 'snake3.ogg', 'הכשת נחש'),
(14, 'הסירו מהמטופל טבעות או צמידים אם יש - המקום עלול להתנפח ולהקשות על הוצאתם מאוחר יותר', 'snake4.ogg', 'הכשת נחש'),
(15, 'אם באפשרותכם לצלם את הנחש, עשו זאת. זיהוי סוג הנחש עשוי לסייע למתן טיפול מתאים', 'snake5.ogg', 'הכשת נחש'),
(16, 'מה לא לעשות – אין למצוץ את הארס בשום צורה, אין להניח חסמים מכל סוג שהם, אין לחתוך חתכים סביב המקום המוכש או לשים עליו קרח!\r\n', 'snake6.ogg', 'הכשת נחש'),
(17, 'מדדו את חום גופו של הנפגע באמצעות מדחום. שימו לב! יש לבצע את הבדיקה אך ורק בפי הטבעת של הנפגע ולא בפיו על מנת לקבל תוצאה מדויקת ומהימנה', 'hipo1.ogg', 'התייבשות'),
(18, 'הושיבו את המטופל במקום קריר ומוצל', 'dia2.ogg', 'התייבשות'),
(19, 'אם מדובר בהתייבשות קלה, תנו למטופל לשתות מים', 'dia3.ogg', 'התייבשות'),
(20, 'אם מדובר בהתייבשות קשה יותר, הדבר מצריך עירוי נוזלים וטיפול רציני יותר ולכן יש לפנותו מיידית למתקן הרפואי הסמוך', 'dia4.ogg', 'התייבשות'),
(21, 'הניחו את הח.ע 4 אצבעות (כ-5 ס\"מ) מעל האיזור הפגוע. את הח.ע נניח בצורת L כאשר החלק העודף שלו פונה בכיוון המנוגד לאיזור הפגיעה. חלק זה ישמש אותנו לאחר מכן לקשירה', 'gumi1.ogg', 'ח.ע גומי'),
(22, 'התחילו ללפף את הח.ע סביב הגפה בחוזקה רבה תוך הפעלת לחץ רב - זכרו שמטרת החוסם היא למנוע זרימת דם לגפה', 'gumi2.ogg', 'ח.ע גומי'),
(23, 'בסיום הליפוף, ודאו שאין דופק בגפה (או זרימת דם החוצה) וקשרו את שני קצותיו של הח.ע אחד בשני', 'gumi3.ogg', 'ח.ע גומי'),
(24, 'רשמו את שעת הנחת הח.ע באופן ברור ובמקום בולט על גוף המטופל – מידע זה ישמש מאוחר יותר את הרופא', 'gumi4.ogg', 'ח.ע גומי'),
(25, 'שימו לב! אין להניח את הח.ע על בגדים אלא ישירות על העור עצמו', 'gumi5.ogg', 'ח.ע גומי'),
(26, 'קחו משולש בד (אפשר גם סתם חתיכת בד), גלגלו אותו סביב עצמו ואז קשרו אותו סביב הירך כ-5 ס\"מ מעל האיזור הפגוע בקשר אחד', 'rus1.ogg', 'ח.ע רוסי'),
(27, 'על אותו הקשר, הניחו מקל עץ או חפץ קשיח אחר ', 'rus2.ogg', 'ח.ע רוסי'),
(28, 'באמצעות אותו המשולש שכבר קשרתם, בצעו קשר כפול מעל המקל שהנחתם', 'rus3.ogg', 'ח.ע רוסי'),
(29, 'התחילו לסובב בחוזקה את המקל עד לעצירה מלאה של הדופק בגפה (הפסקת זרימת הדם בגפה)', 'rus4.ogg', 'ח.ע רוסי'),
(30, 'קחו משולש בד נוסף, גלגלו אותו סביב עצמו וקשרו אותו סביב המקל והירך כך שימנע מהמקל להשתחרר ולהסתובב בחזרה.', 'rus5.ogg', 'ח.ע רוסי'),
(31, 'רשמו את שעת הנחת הח.ע באופן ברור ובמקום בולט על גוף המטופל – מידע זה ישמש מאוחר יותר את הרופא', 'rus6.ogg', 'ח.ע רוסי'),
(32, 'קחו פד גזה, ומרחו עליו מעט פולידין (יוד) או חומר חיטוי אחר', 'finger1.ogg', 'חבישת אצבע'),
(33, 'הניחו את פד הגזה על גבי מקום הפציעה וגלגלו אותו סביב האצבע', 'finger2.ogg', 'חבישת אצבע'),
(34, 'לפפו סביב הפד אגד גלילי', 'finger3.ogg', 'חבישת אצבע'),
(35, 'לאחר הליפוף, הדביקו את קצה האגד עם לויקופלסט או דבק רפואי אחר ', 'finger4.ogg', 'חבישת אצבע'),
(36, 'פתחו את התחבושת והקפידו שלא לגעת בחלק הסטרילי שלה', 'arm1.ogg', 'חבישת גפיים'),
(37, 'הניחו את התחבושת על גבי הפציעה כך שהחלק הסטרילי מופנה כלפיה', 'arm2.ogg', 'חבישת גפיים'),
(38, 'הצליבו את השרכים מלמטה (אחד עם השני) ולאחר מכן בצעו הצלבה נוספת בחלק העליון של התחבושת. לאחר מכן בצעו חצי סיבוב', 'arm3.ogg', 'חבישת גפיים'),
(39, 'לפפו כל שרך סביב הגפה תוך הפעלת לחץ ישיר על המקום. הימנעו כמובן מהפעלת לחץ מוגזמת כדי לא לגרום לעצירת הדם בגפה', 'arm4.ogg', 'חבישת גפיים'),
(40, 'לאחר הליפוף, קשרו את שני השרכים בקשר כפול', 'arm5.ogg', 'חבישת גפיים'),
(41, 'אם הדימום ממשיך, קחו משולש בד ובצעו בו קשר', 'arm6.ogg', 'חבישת גפיים'),
(42, 'הניחו את המשולש כאשר הקשר מונח על התחבושת והצליבו מלמטה את השרכים שלו', 'arm7.ogg', 'חבישת גפיים'),
(43, 'לאחר ההצלבה החזירו את השרכים למעלה', 'arm8.ogg', 'חבישת גפיים'),
(44, 'כעת קחו את השרכים וסובבו אחד בשני כמה פעמים, ואז העבירו אותם לצד השני של המשולש תוך הפעלת לחץ', 'arm9.ogg', 'חבישת גפיים'),
(45, 'קשרו את שני הקצוות למטה', 'arm10.ogg', 'חבישת גפיים'),
(46, 'פתחו את התחבושת והקפידו שלא לגעת בחלק הסטרילי שלה', 'head1.ogg', 'חבישת ראש'),
(47, 'קרעו כל אחד מהשרכים לשניים כך שנקבל בסך הכל ארבעה שרכים', 'head2.ogg', 'חבישת ראש'),
(48, 'הניחו את התחבושת על גבי הפציעה כך שהחלק הסטרילי מופנה כלפיה', 'head3.ogg', 'חבישת ראש'),
(49, 'את זוג השרכים הראשון העבירו לפני האוזן ואת הזוג השני פצלו כך ששרך אחד יהיה מאחורי האוזן ושרך אחר לפניה', 'head4.ogg', 'חבישת ראש'),
(50, 'הצליבו את שני זוגות השרכים ברקה', 'head5.ogg', 'חבישת ראש'),
(51, 'זוג שרכים אחד העבירו מאחורי העורף ואת הזוג השני העבירו דרך המצח אל הרקה השנייה', 'head6.ogg', 'חבישת ראש'),
(52, 'הצליבו שוב את שני זוגות השרכים ברקה השנייה', 'head7.ogg', 'חבישת ראש'),
(53, 'החזירו את שני זוגות השרכים לרקה הראשונה', 'head8.ogg', 'חבישת ראש'),
(54, 'קשרו את שני זוגות השרכים בקשר כפול', 'head9.ogg', 'חבישת ראש'),
(55, 'אטימה משנית – אם ברשותכם משולש בד, הניחו אותו כלפי המטופל כך שהקדקוד שלו מגיע לסנטרו של המטופל', 'head10.ogg', 'חבישת ראש'),
(56, 'גלגלו כל אחד מקצוות המשולש ולאחר מכן קשרו אחד בשני', 'head11.ogg', 'חבישת ראש'),
(57, 'העבירו את הקצוות המגולגלים קדימה וקשרו שוב על מצחו של המטופל', 'head12.ogg', 'חבישת ראש'),
(58, 'את הקודקוד שעל הסנטר הרימו כלפי מעלה והכניסו אל תוך משולש הבד תוך הקפדה שהמשולש מכסה את כל החבישה', 'head13.ogg', 'חבישת ראש'),
(59, 'עמדו מאחורי המטופל ופסקו מעט את רגליו על מנת להקנות לו יציבות', 'heim1.ogg', 'חנק - מבוגרים'),
(60, 'הניחו את רגלכם החזקה בין רגליו של המטופל ואת הרגל החלשה הניחו מאחורה כך שתתמוך בכם', 'heim2.ogg', 'חנק - מבוגרים'),
(61, 'ביד אחת צרו אגרוף עם שפיץ של האגודל והניחו אותה על קו חיבור הצלעות של המטופל (מעל הטבור ומתחת לבית החזה) – אזור זה נקרא סרעפת', 'heim3.ogg', 'חנק - מבוגרים'),
(62, 'הקיפו את המטופל עם ידכם השנייה והניחו אותה על האגרוף שיצרתם', 'heim4.ogg', 'חנק - מבוגרים'),
(63, 'התחילו לבצע לחיצות פנימה ולמעלה על הסרעפת של המטופל עד להוצאת הגוף הזר או עד לאיבוד הכרה של המטופל', 'heim5.ogg', 'חנק - מבוגרים'),
(64, 'אם המטופל שלנו הוא אדם רחב וגדול מימדים, ואין ביכולתנו להקיפו עם הידיים, הצמידו אותו לקיר עם גבו, עמדו מולו ובצעו את אותן לחיצות שתיארנו כך שהקיר יעזור ליצור התנגדות', 'heim6.ogg', 'חנק - מבוגרים'),
(65, 'אם המטופל מאבד הכרה, בצעו בו פעולות החייאה כפי שמתואר בפרק זה', 'heim7.ogg', 'חנק - מבוגרים'),
(66, 'תפסו את התינוק כך שכף ידכם נמצאת במרכז בית החזה שלו ושתי אצבעות שלכם מונחות על לחייו ותומכות בראשו', 'gor1.ogg', 'חנק - תינוקות'),
(67, 'הפכו את התינוק והניחו אותו על בטנו על גבי האמה שלכם', 'gor2.ogg', 'חנק - תינוקות'),
(68, 'באמצעות שורש כף היד שלכם בצעו חמש טפיחות על חלקו העליון של גב התינוק', 'gor3.ogg', 'חנק - תינוקות'),
(69, 'הפכו בחזרה את התינוק ובדקו האם הגוף הזר מבצבץ החוצה מפיו', 'gor4.ogg', 'חנק - תינוקות'),
(70, 'אם אכן ניתן לראות את הגוף הזר, נסלק אותו מפיו של התינוק באמצעות האצבע שלנו', 'gor5.ogg', 'חנק - תינוקות'),
(71, 'במידה ולא, חזרו על פעולות 3-5 עד יציאת הגוף הזר או עד שחלה התדרדרות במצבו של התינוק\r\n', 'gor6.ogg', 'חנק - תינוקות'),
(72, 'אם אכן חלה התדרדרות במצבו, נבצע פעולות החייאה בתינוק כפי שמתואר בפרק זה', 'gor7.ogg', 'חנק - תינוקות'),
(73, 'יש לפנות למיון או לגורם רפואי מוסמך במקרים הבאים: כוויות נרחבות , כוויות באזור הפנים, באיבר המין, בצוואר, בחזה או בבטן, ובכוויות חמורות בדרגה 2 או 3. אם מדובר בכוויה מקומית ושטחית בדרגה 1, פעלו כפי שמתואר בהמשך. שימו לב! במקרה של שלפוחיות אין לפוצץ אותן בשום מצב מחשש לזיהום', 'burn1.ogg', 'טיפול בכוויות'),
(74, 'שטפו את אזור הכוויה במים קרירים', 'burn2.ogg', 'טיפול בכוויות'),
(75, 'להקלת הכאב, אפשר להשתמש במשחות ותכשירים ייעודיים כגון טרולאמין, ביאפין, בפנטן או ג\'ל אלוורה. יש לשים לב כמובן שהמטופל אינו אלרגי לאחד מהתכשירים הללו', 'burn3.ogg', 'טיפול בכוויות'),
(76, 'חבשו את המקום בתחבושת מיוחדת על בסיס וזלין על מנת להימנע מהדבקות של העור לתחבושת', 'burn4.ogg', 'טיפול בכוויות'),
(77, 'השכיבו את הנפגע ושמרו על חום גופו', 'cburn1.ogg', 'כוויות קור'),
(78, 'על מנת לשלול גם מכת קור, מדדו את חום גופו של הנפגע באמצעות מדחום. שימו לב! יש לבצע את הבדיקה אך ורק בפי הטבעת של הנפגע ולא בפיו על מנת לקבל תוצאה מדויקת ומהימנה', 'cburn2.ogg', 'כוויות קור'),
(79, 'הפשרת גף הנפגע – חימום הגף יתבצע אך ורק במים חמים (בטמפרטורה של 40 מעלות). שימו לב! אין להשתמש במים רותחים, אין להניח את הגף על מקור חום יבש או על כרית חימום ואין לעסות או לשפשף את הגף הפגועה. פעולות אלה עשויות לשרוף את העור ולהזיק יותר', 'cburn3.ogg', 'כוויות קור'),
(80, 'חבשו את המקום בחבישה סטרילית והימנעו מפיצוץ שלפוחיות , זאת כדי למנוע זיהום', 'cburn4.ogg', 'כוויות קור'),
(81, 'קבעו את הגף הפגועה כמו בעושים בשבר (ראו במקרים נוספים)', 'cburn5.ogg', 'כוויות קור'),
(82, 'בכל החמרה במצב, יש לפנות את הנפגע מיידית למתקן הרפואי הסמוך. במידה וכוויות הקור ברגליים, יש לפנות את המטופל בשכיבה ותוך מניעת טלטולו.', 'cburn6.ogg', 'כוויות קור'),
(83, 'מדדו את חום גופו של הנפגע באמצעות מדחום. שימו לב! יש לבצע את הבדיקה אך ורק בפי הטבעת של הנפגע ולא בפיו על מנת לקבל תוצאה מדויקת ומהימנה', 'hipo1.ogg', 'מכת חום'),
(84, 'במידה והנפגע חסר הכרה, שמרו על נתיב האוויר שלו פתוח כפי שעושים בהחייאה (ראו בהחייאות וחנק)', 'heat2.ogg', 'מכת חום'),
(85, 'הפשיטו את הנפגע מבגדיו', 'heat3.ogg', 'מכת חום'),
(86, 'שפכו כ-40 ליטר מים על גופו של הנפגע. שימו לב! יש לשפוך את המים אך ורק למרכז גופו של הנפגע ולא על פניו על מנת למנוע מצב של חנק מצד הנפגע. הימנעו ממים קרים והשתמשו במי ברז – מים קרים עלולים לכווץ את כלי הדם ולמנוע מחום גוף להיפלט החוצה', 'heat4.ogg', 'מכת חום'),
(87, 'צרו משב רוח על גופו של הנפגע להגברת הקירור', 'heat5.ogg', 'מכת חום'),
(88, 'פנו את הנפגע למתקן הרפואי הסמוך תוך המשך קירור גופו, ועדכנו את הגורמים הרפואיים על שנעשה', 'heat6.ogg', 'מכת חום'),
(89, 'מדדו את חום גופו של הנפגע באמצעות מדחום. שימו לב! יש לבצע את הבדיקה אך ורק בפי הטבעת של הנפגע ולא בפיו על מנת לקבל תוצאה מדויקת ומהימנה', 'hipo1.ogg', 'היפותרמיה (מכת קור)'),
(90, 'אם בגדיו של הנפגע רטובים – הפשיטו אותו, ייבשו אותו והחליפו את בגדיו', 'hipo2.ogg', 'היפותרמיה (מכת קור)'),
(91, 'כסו את הנפגע בשמיכות', 'hipo3.ogg', 'היפותרמיה (מכת קור)'),
(92, 'שימו לב! בשום מצב אין לחמם את הנפגע באופן ישיר. כלומר, אין להשתמש בבקבוק חם או לשפשף את עורו של הנפגע – פעולות אלו עלולות דווקא להזיק בשל רגישות גופו של הנפגע', 'hipo4.ogg', 'היפותרמיה (מכת קור)'),
(93, 'אם הנפגע בהכרה מלאה – הציעו לו לשתות משקה חם. כמובן יש להימנע משתיית אלכוהול שכן הוא מסייע לאיבוד חום הגוף ועלול להזיק יותר לנפגע', 'hipo5.ogg', 'היפותרמיה (מכת קור)'),
(94, 'בכל החמרה במצבו של הנפגע, יש לפנותו למתקן הרפואי הסמוך תוך שמירה על חום גופו.', 'hipo6.ogg', 'היפותרמיה (מכת קור)'),
(95, 'שטפו את מקום הנשיכה במים ובסבון', 'dog1.ogg', 'נשיכת כלב'),
(96, 'אם יש פציעות עמוקות, יש לחבוש את המקום ולמנוע אובדן דם. לאחר מכן יש לפנות לבית החולים בדחיפות', 'dog2.ogg', 'נשיכת כלב'),
(97, 'אם הפציעות שטחיות בלבד, יש להתייעץ עם לשכת הבריאות בנוגע להמשך טיפול – קיימת סכנה להידבקות בכלבת ויש לטפל בעניין באופן מיידי', 'dog3.ogg', 'נשיכת כלב'),
(98, 'הוציאו את העוקץ מן העור בזהירות רבה באמצעות חפץ שטוח או קהה (לדוגמא כרטיס אשראי)  והשתדלו ככל הניתן להימנע מניקוב העוקץ על מנת למנוע זליגה נוספת של הארס (רצוי לא להשתמש בפינצטה)', 'bee1.ogg', 'עקיצת דבורה'),
(99, 'חטאו את אזור העקיצה באמצעות מים וסבון או ספוגית אלכוהול אם יש', 'bee2.ogg', 'עקיצת דבורה'),
(100, 'ניתן למרוח על מקום העקיצה תכשיר להקלת גירוי העור', 'bee3.ogg', 'עקיצת דבורה'),
(101, 'יש לשים לב שהמטופל אינו מפתח תגובה אלרגית כגון נפיחות בפנים, קשיי נשימה, כאבי ראש, דופק מואץ או תחושת עילפון', 'bee4.ogg', 'עקיצת דבורה'),
(102, 'אם אכן מתרחשת תגובה, יש לטפל במטופל כמו שעושים בתגובה אלרגית ולהזעיק את מד\"א בדחיפות\r\n', 'bee5.ogg', 'עקיצת דבורה'),
(103, 'קחו משולש בד והניחו אותו כך שקודקוד אחד מונח לצד צווארו של המטופל וקודקוד אחר פונה למטה. הקפידו שהמשולש יהיה מתחת לזרועה הפגועה', 'lay1.ogg', 'קיבוע שבר'),
(104, 'קחו את הקודקוד שמופנה מטה והעבירו אותו מעל ידו הפגועה של המטופל עד לצד השני של צווארו', 'lay2.ogg', 'קיבוע שבר'),
(105, 'קשרו את שני הקצוות בקשר כפול ', 'lay3.ogg', 'קיבוע שבר'),
(106, 'את הקודקוד השלישי שנמצא מתחת למרפקו של המטופל גלגלו מעט והכניסו כלפי פנים', 'lay4.ogg', 'קיבוע שבר'),
(107, 'קחו משולש בד נוסף וגלגלו אותו. אפשר גם רצועת בד אחרת במקום', 'lay5.ogg', 'קיבוע שבר'),
(108, 'העבירו אותו סביב גופו של המטופל מעל זרועו הפגועה וקשרו בקשר כפול את שני הקצוות', 'lay6.ogg', 'קיבוע שבר'),
(109, 'הזעיקו את מד\"א באופן מיידי', 'eler1.ogg', 'תגובה אלרגית (אנפילקסיס)'),
(110, 'אם ברשות המטופל מזרק אפיפן (אדרנלין), קחו אותו ממנו ובצעו את השלבים שמפורטים בהמשך', 'eler2.ogg', 'תגובה אלרגית (אנפילקסיס)'),
(111, 'הוציאו את המזרק מאריזת הפלסטיק והחזיקו אותו כך שהנצרה הכחולה כלפי מעלה והחלק הכתום כלפי מטה', 'eler3.ogg', 'תגובה אלרגית (אנפילקסיס)'),
(112, 'משכו את הנצרה הכחולה ושלפו אותה החוצה', 'eler4.ogg', 'תגובה אלרגית (אנפילקסיס)'),
(113, 'תקעו את המזרק בירכו של המטופל (החלק הכתום נוגע בירך) והחזיקו יציב במשך 10 שניות (ניתן לעשות זאת גם על הבגדים)', 'eler5.ogg', 'תגובה אלרגית (אנפילקסיס)'),
(114, 'שלפו החוצה את המזרק ועסו את המקום בעדינות למשך מספר שניות', 'eler6.ogg', 'תגובה אלרגית (אנפילקסיס)'),
(115, 'S – בטיחות. בדומה להחייאת מבוגרים, שלב זה כולל בתוכו את חמש הפעולות הבאות:', 'cprb1.ogg', 'החייאה - תינוקות'),
(116, 'הרחיקו את התינוק מגורם העלול לסכן אותו', 'cprb2.ogg', 'החייאה - תינוקות'),
(117, 'בדיקת הכרה - התחילו בבדיקה קולית. בצעו נקישות אצבע סביב אוזניו של התינוק. אם התינוק אינו מגיב, המשיכו לבדיקת כאב – צבטו בעדינות את כפות רגליו של התינוק', 'cprb3.ogg', 'החייאה - תינוקות'),
(118, 'אם התינוק עדיין אינו מגיב, הזעיקו את מד\"א וקראו לעזרה. לאחר מכן המשיכו בסכמה', 'cprb4.ogg', 'החייאה - תינוקות'),
(119, 'בדיקת נשימה - הניחו יד אחת על בית החזה של התינוק ובדקו אם ישנה עלייה וירידה שלו. במקביל הניחו את אוזניכם סמוך לפניו על מנת לנסות לשמוע את נשימתו. שימו לב! בית החזה של התינוק קטן יותר משל מבוגר ולכן יעלה פחות. אם אכן התרשמתם שהתינוק אינו נושם – בצעו בדיקת דופק', 'cprb5.ogg', 'החייאה - תינוקות'),
(120, 'בדיקת דופק – בשונה ממבוגר, את דופק התינוק בודקים בעורק הברכיאלי. הניחו שתי אצבעות בצד הפנימי של אחת הזרועות (סמוך לבית השחי) ונסו להרגיש בדופק. אם אין דופק או שאינכם בטוחים, עברו לשלב הבא, אחרת – דלגו לשלב A.', 'cprb6.ogg', 'החייאה - תינוקות'),
(121, 'C – מתן עיסויים. מכיוון שבית החזה של תינוק הוא רך, קטן ועדין -  נבצע את העיסויים אחרת ממבוגר. הניחו יד אחת מתחת לשכמות התינוק ועם היד האחרת קחו שתי אצבעות ומקמו אותן כ-3 ס\"מ מתחת למרכז קו הפטמות של התינוק. התחילו ללחוץ עם שתי האצבעות על בית החזה של התינוק 30 פעמים בקצב של 120 עיסויים בדקה. שימו לב! יש לבצע את החייאה על משטח גבוה וקשיח על מנת לשמור על יעילות הטיפול\r\n\r\n', 'cprb7.ogg', 'החייאה - תינוקות'),
(122, 'A – פתיחת נתיב אוויר. פתח את פיו של התינוק. במידה ויש הפרשות, תפסו את התינוק כך שכף ידכם נמצאת במרכז בית החזה שלו ושתי אצבעות שלכם מונחות על לחייו ותומכות בראשו (כמו בחנק), וסלקו את ההפרשות עם האצבע', 'cprb8.ogg', 'החייאה - תינוקות'),
(123, 'B – מתן הנשמות. הכניסו יד מתחת לשכמות התינוק ובעדינות הטו את ראשו לאחור כך שסנטרו עולה כלפי מעלה. ביד אחת לחצו על אפו של התינוק (על מנת למנוע מהאוויר לצאת מן האף) ועם היד השנייה אחזו בסנטרו ושמרו על פיו פתוח. בשונה ממבוגר, בצעו 2 הנשמות בנפח לחיים בלבד לתוך פיו של התינוק בהפרש של 2 שניות בין הנשמה להנשמה. שימו לב! יש לאטום באופן מלא את פיו של התינוק ויש להקפיד לשחרר את הלחיצה על האף בין הנשמה להנשמה', 'cprb9.ogg', 'החייאה - תינוקות'),
(124, 'המשיכו בסבבים של 30 עיסויים ושתי הנשמות עד להגעת צוות מד\"א', 'cpra10.ogg', 'החייאה - תינוקות'),
(125, 'אם אין שיפור בתסמינים תוך 7 דקות, יש להזריק שוב', 'eler7.ogg', 'תגובה אלרגית (אנפילקסיס)'),
(126, 'אם המטופל מאבד הכרה, יש לבצע בו פעולות החייאה (ראו בהחייאות וחנק)', 'eler8.ogg', 'תגובה אלרגית (אנפילקסיס)');

-- --------------------------------------------------------

--
-- Table structure for table `medical_cases`
--

DROP TABLE IF EXISTS `medical_cases`;
CREATE TABLE IF NOT EXISTS `medical_cases` (
  `case_name` varchar(255) NOT NULL,
  `category` varchar(255) DEFAULT NULL,
  `video_url` varchar(255) DEFAULT NULL,
  `description` longtext,
  PRIMARY KEY (`case_name`)
) ENGINE=InnoDB DEFAULT CHARSET=utf8mb4 COLLATE=utf8mb4_0900_ai_ci;

--
-- Dumping data for table `medical_cases`
--

INSERT INTO `medical_cases` (`case_name`, `category`, `video_url`, `description`) VALUES
('החייאה - מבוגרים', 'החייאות וחנק', 'https://youtu.be/JFZYUBj8fPs', 'החייאה היא אולי הפעולה הבסיסית והחשובה ביותר בעולם הרפואה הדחופה. נבצע פעולה זו במקרים שאדם מאבד את הכרתו, נשימתו או דופק ליבו כתוצאה מפגיעה שאינה חודרנית (לא הלם) כמו טביעה, התחשמלות או התקף לב (בפגיעות שהן כן חודרניות כמו ירי, דקירה או פיצוץ נבצע החייאה דומה לזו אך עם כמה שינויים שאותם לא נפרט כאן)'),
('החייאה - תינוקות', 'החייאות וחנק', 'https://youtu.be/q0RFW19TrJc', 'בדומה להחייאת מבוגרים, החייאת תינוקות מתבצעת בפגיעות לא חודרניות (כמו טביעה, התחשמלות או התקף לב) הגורמות לאיבוד הכרתו של התינוק, נשימתו או דופק ליבו, והשלבים שמתבצעים הם זהים לאלה בהחייאת מבוגרים אך עם כמה שינויים חשובים שנראה כאן בהמשך'),
('היפותרמיה (מכת קור)', 'פגיעות אקלים', 'https://youtu.be/gkKHgyMvZz8', 'מצב שבו טמפרטורת גופו של אדם נמוכה מאוד (מתחת ל-35 מעלות צלזיוס). מצב זה יכול לקרות כאשר אדם שוהה בסביבה קרה מאוד ללא אמצעי המיגון המתאימים (מים קרים, סביבה מושלגת וכו\'). להיפותרמיה שלוש דרגות חומרה: קלה, בינונית וקשה. במכת קור קלה (32-35 מעלות) הנפגע יסבול מרעד בלתי נשלט בשריריו, אפתיה (ניתוק מהסביבה), חוסר התמצאות במרחב וחיוורון. במכת קור בינונית (28-32 מעלות) נבחין בערפול הכרה, האטה בקצב הלב והנשימה וירידה בלחץ הדם. במכת קור קשה (מתחת ל-28 מעלות) הנפגע יאבד את הכרתו ואף עלול לסבול מדום לב ודום נשימה'),
('הכשת נחש', 'פגיעות בעלי חיים', 'https://youtu.be/y9WXSrMkBv4', 'הנחש מכיש באמצעות שיניו. בעת הכשתו הוא נועץ את שיניו באיבר המוכש ומחדיר לתוך כלי הדם ארס עשוי חלבון הפוגע במנגנון הקרישה של המוכש. מיד לאחר ההכשה נוכל להבחין בסימני שיניו של הנחש, דימום נרחב, נפיחות וכאב עז במקום ההכשה. תוך פרק זמן קצר מההכשה המוכש יגלה סימנים נוספים כמו שלפוחיות נרחבות על עורו, הקאות חוזרות ונשנות, תחושת אי שקט וירידה בלחץ הדם'),
('התייבשות', 'פגיעות אקלים', 'https://youtu.be/67cPhntksIY', 'התייבשות היא מצב של חוסר נוזלים בגוף. מצב זה יכול לקרות כאשר אדם מאבד נוזלים רבים והוא אינו שותה מספיק על מנת לפצות על החוסר הזה. מצב זה עלול להתרחש בין היתר בפעילות גופנית ממושכת או בסביבה חמה. הסימנים להתייבשות הם סומק בעור, בחילות, דופק מהיר, תחושת אי שקט ותפקוד כללי ירוד. במקרים קשים יותר הנפגע יסבול מהקאות חוזרות ונשנות, סחרחורות, הזיות ואף הפרעות בראייה ובשמיעה. ניתן למנוע מצב זה עם שתייה מרובה של מים ולהימנע ממשקאות ממותקים'),
('ח.ע גומי', 'עצירת דימומים וחבישות', 'https://youtu.be/zIMATNovC00', 'חוסם עורקים גומי (ח.ע) הינו אביזר עשוי גומי או סילקון המשמש לעצירת זרימת הדם בעורקים. נשתמש בח.ע זה רק בגפיים העליונות ובשוקיים התחתונות ברגליים (לא בירכיים) בשל יכולתו המוגבלת של החסם לעצור את הדם באיברים רחבים. בשום פנים ואופן לא נניח ח.ע בצוואר או כל אזור אחר. נשים ח.ע במקרים הבאים: ריבוי פציעות או פצועים, תנאי חושך, קטיעה חלקית או מלאה של האיבר ובמצב שבו לחץ ישיר (תחבושת) לא עזר'),
('ח.ע רוסי', 'עצירת דימומים וחבישות', 'https://youtu.be/e2kDmObgJlo', 'חוסם עורקים רוסי הוא סוג של חסם מאולתר המשמש אותנו למקרים בהם נרצה לעצור את זרימת הדם בחלק העליון של הגפיים התחתונות (ירכיים). אין להשתמש בחוסם זה בגפיים עליונות ובשוקיים התחתונות מחשש לשברים בעת השימוש בחסם. כמו בח.ע גומי, נשתמש בו במקרים של ריבוי פציעות או פצועים, תנאי חושך, קטיעה חלקית או מלאה של האיבר ובמצב שבו לחץ ישיר (תחבושת) לא עזר'),
('חבישת אצבע', 'עצירת דימומים וחבישות', 'https://youtu.be/BAROccvOups', 'מי מאיתנו לא נחתך באצבעו לפחות פעם אחת בחייו? כמעט כולנו. לעיתים מחיתוך לא נכון עם סכין מטבח ולפעמים סתם מנפילה כזו או אחרת. הטיפול במקרה כזה יכול להסתכם בפלסטר אבל לעיתים החתך עמוק יותר ודורש טיפול קצת יותר רציני'),
('חבישת גפיים', 'עצירת דימומים וחבישות', 'https://youtu.be/7YaUOtFz_qU', 'לחבישה שתי מטרות עיקריות: עצירת דימומים ומניעת זיהומים. לצורך החבישה בגפיים נשתמש בתחבושת אישית סטנדרטית אותה ניתן להשיג במקומות רבים'),
('חבישת ראש', 'עצירת דימומים וחבישות', 'https://youtu.be/Qua3gKewx1o', 'לחבישה שתי מטרות עיקריות: עצירת דימומים ומניעת זיהומים. לצורך החבישה בראש נשתמש בתחבושת אישית סטנדרטית אותה ניתן להשיג במקומות רבים. חבישת ראש הינו תהליך שיכול להיראות טיפה מורכב אבל לאחר תרגול רב של התהליך תגלו שזה לא קשה בכלל'),
('חנק - מבוגרים', 'החייאות וחנק', 'https://youtu.be/Y5I8yzkGBaQ', 'מקרה של חנק עלול להתרחש כאשר גוף זר כלשהו נתקע בקנה הנשימה של הבן אדם. זה יכול לקרות כתוצאה מחתיכת אוכל שנתקעה או סתם מגוף זר אחר שנכנס לשם בטעות. אדם שנחנק יגלה סימני מצוקה נשימתיים, ישים את ידיו על צווארו ולעיתים נראה כיחלון על שפתיו. חשוב מאוד לפעול מהר כאשר מצב כזה קורה ובדרך כלל נעשה זאת באמצעות תמרון \"היימליך\" (שנקרא על שם הרופא שפיתח את השיטה)'),
('חנק - תינוקות', 'החייאות וחנק', 'https://youtu.be/ohr8GXcRdn0', 'אחת הדרכים של תינוקות לחקור את העולם שמסביבם היא דרך הפה. בשל כך הם נתונים לסכנה ממשית של חנק ויש להקפיד ולהסתכל שהם אינם מכניסים לפיהם חלקים קטנים העלולים להיכנס לקנה הנשימה שלהם. תינוק שנחנק בדרך כלל לא ישמיע קול ולא יבכה, הוא ישמיע קול שיעול חלש במיוחד, עורו יכחיל מעט ובמקרים חמורים אף יאבד את הכרתו. שיטת הטיפול במקרה זה נקראת \"טפיחות גורדון\" – אלה הן טפיחות קלות על גבו של התינוק שאמורות לסייע לתינוק לפלוט החוצה את הגוף הזר'),
('טיפול בכוויות', 'מקרים נוספים', 'https://youtu.be/vV6R25fSiEE', 'הטיפול בכוויות זה תורה שלמה ובמקרים היותר קשים ניתן לטפל כראוי רק בבתי החולים. כוויות מחולקות לשלוש דרגות חומרה. בכוויה דרגה 1 רק שכבת העור החיצונית (אפידרמיס) נפגעת. היא מתבטאת לרוב באדמומיות קלה על העור , שלפוחיות קטנות וכאב קל. בכוויה דרגה 2 שתי שכבות של העור נשרפות ולרוב נראה שלפוחיות גדולות באזור הכוויה ועור מוכתם או לבן . בכוויה דרגה 3 כל שכבות העור נשרפות וזהו מקרה יחסית חמור. המקרה שלנו יתמקד אך ורק בכוויות קלות ומקומיות בדרגה 1'),
('כוויות קור', 'פגיעות אקלים', 'https://youtu.be/tIbBA2iR_G4', 'מצב שבו האיברים החשופים קופאים בשל חשיפה לטמפרטורות נמוכות במיוחד (מתחת ל-0 מעלות). הסימנים שבהם ירגיש הנפגע הם כאב חזק בגף הפגועה, ירידה בתחושה וכובד, דופק הגף בקושי יורגש וצבע הגף יהפוך לבן –צהבהב. לעיתים הגף הפגועה תפשיר חלקית או לחלוטין ואז נוכל להבחין בהתאדמות העור, היווצרות שלפוחיות נוזל, חזרה חלקית בתחושה וכוויות מקומיות. בהיעדר טיפול מתאים בזמן המצב יחייב כריתה של האיבר'),
('מכת חום', 'פגיעות אקלים', 'https://youtu.be/v53fsbb11uw', 'מצב שבו טמפרטורת גופו של אדם גבוהה מאוד (מעל 40 מעלות צלזיוס). מצב זה יכול לקרות כאשר הטמפרטורה בחוץ גבוהה יחסית והגוף נמצא בפעילות גופנית עצימה ואז הוא אינו יכול להיפטר מעודפי החום שלו. לרוב אדם הסובל ממכת חום יאבד את הכרתו באופן פתאומי אך לעיתים ניתן להבחין בסימנים מוקדמים: כאבי ראש, סחרחורות, הפרעה בדיבור, חוסר שיווי משקל, בלבול והזיות'),
('נשיכת כלב', 'פגיעות בעלי חיים', 'https://youtu.be/EyWKdyjrYEQ', 'כלב היא חיה חברותית לרוב אך לעיתים חלקם יכולים להיות מסוכנים ולנשוך. הסכנה העיקרית בנשיכה היא מחלות כמו הכלבת. מחלה זו קטלנית ביותר ומרגע הופעת הסימנים הסיכויים של אדם שננשך להישאר בחיים קטנים מאוד. על מנת לשלול הידבקות במחלה על האדם שננשך לעבור סדרת חיסונים שיבטיחו את חסינותו מהמחלה. חשוב לציין שהטיפול הנ\"ל רלוונטי גם לאדם שנשרט ע\"י חתול או נפגע מחיות בר אחרות'),
('עקיצת דבורה', 'פגיעות בעלי חיים', 'https://youtu.be/fBxjngdztNw', 'עקיצת דבורה היא לרוב דבר שאינו מסוכן. בד\"כ רוב הנעקצים יפתחו לאחר העקיצה תגובה דלקתית מקומית המתבטאת בנפיחות, כאב וגרד בלבד. אך ישנם אנשים שהם אלרגיים לדבורים ועבורם עקיצה קטנה עלולה להיות מסכנת חיים וקטלנית במיוחד (ראו תגובה אלרגית במקרים נוספים). לאחר העקיצה העוקץ של הדבורה (החלק התחתון שלה) נתקע בעור הנעקץ והדבורה עצמה מתה'),
('קיבוע שבר', 'מקרים נוספים', 'https://youtu.be/jZx798Eyv30', 'כאשר יש חשד לשבר, עלינו למנוע מן הגפה הפגועה לזוז עד כמה שאפשר. שבר מתבטא לרוב בכאב חזק ,בנפיחות של המקום ולעיתים גם בשינוי צורתה של הגפה. במקרה של שבר סגור נקבע את הגפה עד לקבלת טיפול רפואי בבית חולים, במקרה של שבר פתוח (כשהעצם יוצאת מן העור) הדבר מצריך גם חבישה למניעת זיהומים, וכאן לא נתמקד בזה'),
('תגובה אלרגית (אנפילקסיס)', 'מקרים נוספים', 'https://youtu.be/hSCv0Y9syZY', 'תגובה אלרגית היא תגובת יתר של מערכת החיסון כנגד אלרגן מסוים (רכיב שהגוף רגיש אליו ואינו מקבל אותו). זה יכול להיות עקיצת דבורה, בוטנים, חלב, שומשום וכו\'. רכיבים אלה אינם מסוכנים אך ישנם אנשים שהגוף שלהם מזהה חומרים אלה כאיום פוטנציאלי ומגיב אליהם בצורה קיצונית כאילו היו נגיף מסוכן או חיידק. הסימנים לתגובה כזו הם בדרך כלל נפיחות בפנים ובגוף, קשיי נשימה חריפים (כתוצאה מהיצרות כלי הנשימה) וירידה חדה בלחץ הדם (כתוצאה מהתרחבות כלי הדם)');

-- --------------------------------------------------------

--
-- Table structure for table `questions`
--

DROP TABLE IF EXISTS `questions`;
CREATE TABLE IF NOT EXISTS `questions` (
  `id` int(11) NOT NULL,
  `category` varchar(255) DEFAULT NULL,
  `text` varchar(255) DEFAULT NULL,
  `difficulty` int(11) NOT NULL,
  PRIMARY KEY (`id`)
) ENGINE=InnoDB DEFAULT CHARSET=utf8mb4 COLLATE=utf8mb4_0900_ai_ci;

--
-- Dumping data for table `questions`
--

INSERT INTO `questions` (`id`, `category`, `text`, `difficulty`) VALUES
(1, 'החייאות וחנק', 'מה עושים במצב שהאדם שנחנק הוא רחב וגדול מימדים?', 2),
(2, 'החייאות וחנק', 'כמה עיסויים יש לבצע בהחייאת מבוגרים בכל סבב?', 1),
(3, 'החייאות וחנק', 'אתם יושבים במסעדה עם המשפחה שלכם, ופתאום אתם רואים בן אדם קם בבהלה מהשולחן, מתקשה לנשום ומחזיק את ידיו על צווארו. מה תעשו?', 3),
(4, 'החייאות וחנק', 'מה השלב הראשון בהחייאת מבוגרים?', 1),
(5, 'החייאות וחנק', 'אתם באמצע החייאה של מבוגר. הגעתם לבדיקת דופק וגיליתם שלמטופל יש דופק. מה תעשו בשלב הבא?', 3),
(6, 'החייאות וחנק', 'אילו בדיקות עושים בשלב ה-S בהחייאת מבוגרים?', 2),
(7, 'החייאות וחנק', 'מה עושים בתמרון \"היימליך\"?', 1),
(8, 'החייאות וחנק', 'מה עושים בשלב A בהחייאת מבוגרים?', 2),
(9, 'החייאות וחנק', 'מהו סטרנום?', 3),
(10, 'החייאות וחנק', 'כיצד יש לבצע את הטפיחות על גבו של התינוק בעת מצב של חנק?', 3),
(11, 'החייאות וחנק', 'כיצד נבדוק נשימה בהחייאת מבוגרים?', 1),
(12, 'החייאות וחנק', 'היכן מבצעים בדיקת דופק בתינוקות?', 2),
(13, 'החייאות וחנק', 'אתם באמצע החייאה של תינוק. ביצעתם בדיקת הכרה (קולית כאב) וגיליתם שהתינוק אינו מגיב. מה הדבר הראשון שתעשו?', 3),
(14, 'החייאות וחנק', 'היכן מבצעים בדיקת כאב בתינוק?', 1),
(15, 'החייאות וחנק', 'כמה עיסויים יש לבצע בהחייאת תינוקות בכל סבב?', 1),
(16, 'החייאות וחנק', 'בחנק תינוקות, ובמידה והגוף הזר אינו יוצא החוצה (לאחר מתן טפיחות), מה נעשה?', 2),
(17, 'החייאות וחנק', 'בחנק תינוקות, מה נעשה אם התינוק מאבד את הכרתו?', 2),
(18, 'החייאות וחנק', 'אתם באמצע החייאת מבוגר והגעתם לסוף שלב B. מה תעשו בשלב הבא?', 3),
(19, 'החייאות וחנק', '?מה סדר השלבים בהחייאת תינוקות', 3),
(20, 'החייאות וחנק', '?באיזה קצב (עיסויים בדקה) יש לבצע עיסויים בהחייאת מבוגרים', 1),
(21, 'החייאות וחנק', 'באילו מין התרחישים הבאים לא נבצע החייאה במבוגר?', 1),
(22, 'החייאות וחנק', 'מהן \"טפיחות גורדון\"?', 1),
(23, 'החייאות וחנק', 'מה לא סימן לחנק בקרב תינוקות?', 1),
(24, 'החייאות וחנק', 'מה ההבדל בין עיסויים במבוגר לבין עיסויים בתינוקות?', 2),
(25, 'החייאות וחנק', 'מה ההבדל בין הנשמות במבוגר לבין הנשמות בתינוק?', 2),
(26, 'החייאות וחנק', 'מה ההבדל בין סדר השלבים של החייאת תינוקות לבין סדר השלבים של החייאת מבוגרים?', 2),
(27, 'החייאות וחנק', 'בהחייאת מבוגרים איזו בדיקה מבוצעת קודם?', 2),
(28, 'החייאות וחנק', 'אתם הולכים ברחוב , בחוץ מעונן מאוד ופתאום אתם רואים אדם שנפגע ממכת ברק. מה הדבר הראשון שתעשו?', 3),
(29, 'החייאות וחנק', 'בביצוע החייאות, על איזה דגשים חשוב לשמור?', 3),
(30, 'החייאות וחנק', 'כיצד יש לבצע את הלחיצות בתמרון היימליך?', 3),
(31, 'פגיעות אקלים', 'מהי מכת חום?', 1),
(32, 'פגיעות אקלים', 'כמה מים רצוי לשפוך על אדם שנפגע ממכת חום?', 1),
(33, 'פגיעות אקלים', 'כמה דרגות חומרה יש במכת קור (היפותרמיה)?', 1),
(34, 'פגיעות אקלים', 'במכת חום, היכן בודקים את חום גופו של הנפגע?', 1),
(35, 'פגיעות אקלים', 'מתי מתחיל מצב של היפותרמיה (מכת קור)?', 1),
(36, 'פגיעות אקלים', 'מה מהבאים יכול להיות סימן לכוויות קור?', 1),
(37, 'פגיעות אקלים', 'מה מהבאים הוא סימן להתייבשות?', 1),
(38, 'פגיעות אקלים', 'ממה רצוי להימנע בעת מצב של התייבשות?', 1),
(39, 'פגיעות אקלים', 'מה הסימנים הראשונים למכת קור?', 1),
(40, 'פגיעות אקלים', 'כיצד נמשיך לקרר את גוף הנפגע במכת חום?', 1),
(41, 'פגיעות אקלים', 'מה מהבאים יכול להיות מהסימנים הראשונים למכת חום? ', 2),
(42, 'פגיעות אקלים', 'מה מותר לעשות בכוויות קור?', 2),
(43, 'פגיעות אקלים', 'מה משותף לטיפול במכת חום, מכת קור וכוויות קור?', 2),
(44, 'פגיעות אקלים', 'ממה על הנפגע להימנע במכת קור?', 2),
(45, 'פגיעות אקלים', 'ממה על הנפגע להימנע בהתייבשות?', 2),
(46, 'פגיעות אקלים', 'על איזה חלק של גוף הנפגע עלינו לשפוך מים במכת חום? ', 2),
(47, 'פגיעות אקלים', 'מה עושים במכת קור מיד לאחר החלפת בגדים לנפגע (במידה ונרטבו)?', 2),
(48, 'פגיעות אקלים', 'באיזה מקרה חשוב להשתמש בשמיכות?', 2),
(49, 'פגיעות אקלים', 'כאשר חובשים את הגפה הפגועה, על מה חשוב לשים דגש?', 2),
(50, 'פגיעות אקלים', 'מה עושים במידה והמטופל שלנו ממשיך להקיא גם אחרי שנתנו לו לשתות במצב של התייבשות?', 2),
(51, 'פגיעות אקלים', 'דמיין שאתה בטיול בדרום אמריקה, אתה באמצע טרק למאצ\'ו פיצ\'ו עם חבר טוב שלך, ופתאום החבר שלך מתלונן על בחילות ולאחר מכן אף מקיא כמה פעמים. עורו נראה סמוק והוא טיפה מסוחרר. במה היית חושד? ', 3),
(52, 'פגיעות אקלים', 'במידה ולמטופל כוויות קור ברגליים, כיצד עלינו לפנות אותו? ', 3),
(53, 'פגיעות אקלים', 'מה עושים קודם עם הגף הפגועה בכוויות קור? ', 3),
(54, 'פגיעות אקלים', 'סמן את ההיגד הנכון: ', 3),
(55, 'פגיעות אקלים', 'סמן את ההיגד הנכון:', 3),
(56, 'פגיעות אקלים', 'סמן את ההיגד הנכון: ', 3),
(57, 'פגיעות אקלים', 'סמן את ההיגד שאינו נכון:', 3),
(58, 'פגיעות אקלים', 'למה אסור לשפוך מים קרים מדי במכת חום? ', 3),
(59, 'פגיעות אקלים', 'למה אסור לחמם את העור באופן ישיר בכוויות קור? ', 3),
(60, 'פגיעות אקלים', 'למה חשוב לבצע בדיקת חום בפי הטבעת? ', 3),
(61, 'מקרים נוספים', '', 1),
(62, 'מקרים נוספים', '', 1),
(63, 'מקרים נוספים', '', 1),
(64, 'מקרים נוספים', '', 1),
(65, 'מקרים נוספים', '', 1),
(66, 'מקרים נוספים', '', 1),
(67, 'מקרים נוספים', '', 1),
(68, 'מקרים נוספים', '', 1),
(69, 'מקרים נוספים', '', 1),
(70, 'מקרים נוספים', '', 1),
(71, 'מקרים נוספים', '', 2),
(72, 'מקרים נוספים', '', 2),
(73, 'מקרים נוספים', '', 2),
(74, 'מקרים נוספים', '', 2),
(75, 'מקרים נוספים', '', 2),
(76, 'מקרים נוספים', '', 2),
(77, 'מקרים נוספים', '', 2),
(78, 'מקרים נוספים', '', 2),
(79, 'מקרים נוספים', '', 2),
(80, 'מקרים נוספים', '', 2),
(81, 'מקרים נוספים', '', 3),
(82, 'מקרים נוספים', '', 3),
(83, 'מקרים נוספים', '', 3),
(84, 'מקרים נוספים', '', 3),
(85, 'מקרים נוספים', '', 3),
(86, 'מקרים נוספים', '', 3),
(87, 'מקרים נוספים', '', 3),
(88, 'מקרים נוספים', '', 3),
(89, 'מקרים נוספים', '', 3),
(90, 'מקרים נוספים', '', 3),
(91, 'עצירת דימומים וחבישות', '', 1),
(92, 'עצירת דימומים וחבישות', '', 1),
(93, 'עצירת דימומים וחבישות', '', 1),
(94, 'עצירת דימומים וחבישות', '', 1),
(95, 'עצירת דימומים וחבישות', '', 1),
(96, 'עצירת דימומים וחבישות', '', 1),
(97, 'עצירת דימומים וחבישות', '', 1),
(98, 'עצירת דימומים וחבישות', '', 1),
(99, 'עצירת דימומים וחבישות', '', 1),
(100, 'עצירת דימומים וחבישות', '', 1),
(101, 'עצירת דימומים וחבישות', '', 2),
(102, 'עצירת דימומים וחבישות', '', 2),
(103, 'עצירת דימומים וחבישות', '', 2),
(104, 'עצירת דימומים וחבישות', '', 2),
(105, 'עצירת דימומים וחבישות', '', 2),
(106, 'עצירת דימומים וחבישות', '', 2),
(107, 'עצירת דימומים וחבישות', '', 2),
(108, 'עצירת דימומים וחבישות', '', 2),
(109, 'עצירת דימומים וחבישות', '', 2),
(110, 'עצירת דימומים וחבישות', '', 2),
(111, 'עצירת דימומים וחבישות', '', 3),
(112, 'עצירת דימומים וחבישות', '', 3),
(113, 'עצירת דימומים וחבישות', '', 3),
(114, 'עצירת דימומים וחבישות', '', 3),
(115, 'עצירת דימומים וחבישות', '', 3),
(116, 'עצירת דימומים וחבישות', '', 3),
(117, 'עצירת דימומים וחבישות', '', 3),
(118, 'עצירת דימומים וחבישות', '', 3),
(119, 'עצירת דימומים וחבישות', '', 3),
(120, 'עצירת דימומים וחבישות', '', 3),
(121, 'פגיעות בעלי חיים', '', 1),
(122, 'פגיעות בעלי חיים', '', 1),
(123, 'פגיעות בעלי חיים', '', 1),
(124, 'פגיעות בעלי חיים', '', 1),
(125, 'פגיעות בעלי חיים', '', 1),
(126, 'פגיעות בעלי חיים', '', 1),
(127, 'פגיעות בעלי חיים', '', 1),
(128, 'פגיעות בעלי חיים', '', 1),
(129, 'פגיעות בעלי חיים', '', 1),
(130, 'פגיעות בעלי חיים', '', 1),
(131, 'פגיעות בעלי חיים', '', 2),
(132, 'פגיעות בעלי חיים', '', 2),
(133, 'פגיעות בעלי חיים', '', 2),
(134, 'פגיעות בעלי חיים', '', 2),
(135, 'פגיעות בעלי חיים', '', 2),
(136, 'פגיעות בעלי חיים', '', 2),
(137, 'פגיעות בעלי חיים', '', 2),
(138, 'פגיעות בעלי חיים', '', 2),
(139, 'פגיעות בעלי חיים', '', 2),
(140, 'פגיעות בעלי חיים', '', 2),
(141, 'פגיעות בעלי חיים', '', 3),
(142, 'פגיעות בעלי חיים', '', 3),
(143, 'פגיעות בעלי חיים', '', 3),
(144, 'פגיעות בעלי חיים', '', 3),
(145, 'פגיעות בעלי חיים', '', 3),
(146, 'פגיעות בעלי חיים', '', 3),
(147, 'פגיעות בעלי חיים', '', 3),
(148, 'פגיעות בעלי חיים', '', 3),
(149, 'פגיעות בעלי חיים', '', 3),
(150, 'פגיעות בעלי חיים', '', 3);

-- --------------------------------------------------------

--
-- Table structure for table `test_records`
--

DROP TABLE IF EXISTS `test_records`;
CREATE TABLE IF NOT EXISTS `test_records` (
  `id` varchar(255) NOT NULL,
  `category` varchar(255) DEFAULT NULL,
  `created_timestamp` datetime(6) DEFAULT NULL,
  `score` int(11) NOT NULL,
  `user_answers` tinyblob,
  `user_email` varchar(255) DEFAULT NULL,
  PRIMARY KEY (`id`)
) ENGINE=InnoDB DEFAULT CHARSET=utf8mb4 COLLATE=utf8mb4_0900_ai_ci;

--
-- Dumping data for table `test_records`
--

INSERT INTO `test_records` (`id`, `category`, `created_timestamp`, `score`, `user_answers`, `user_email`) VALUES
('24c898e2-2045-4402-bf21-7f1fe517327b', 'החייאות וחנק', '2021-04-27 19:04:10.644000', 49, 0xaced0005757200135b4c6a6176612e6c616e672e537472696e673badd256e7e91d7b470200007870000000047400023261740002366174000233617400023961, 'orenv0@gmail.com'),
('278a7bfe-bffd-4d63-8371-64995c32bcbd', 'החייאות וחנק', '2021-04-27 19:01:55.989000', 42, 0xaced0005757200135b4c6a6176612e6c616e672e537472696e673badd256e7e91d7b4702000078700000000574000232617400023461740002366174000239637400023162, 'orenv0@gmail.com'),
('28efc85a-7715-4f32-9d86-fd090b709fd8', 'פגיעות אקלים', '2021-04-30 10:25:54.865000', 0, 0xaced0005757200135b4c6a6176612e6c616e672e537472696e673badd256e7e91d7b47020000787000000000, 'orenv0@gmail.com'),
('2d571fa2-4d1d-4e72-8526-ac3c2d59b01e', 'החייאות וחנק', '2021-04-11 19:04:23.291000', 13, 0xaced0005757200135b4c6a6176612e6c616e672e537472696e673badd256e7e91d7b47020000787000000004740002326174000236647400023462740003313164, 'orenv0@gmail.com'),
('33f29887-6583-454f-99b8-205316b445b7', 'החייאות וחנק', '2021-05-16 17:10:16.035000', 42, 0xaced0005757200135b4c6a6176612e6c616e672e537472696e673badd256e7e91d7b4702000078700000000a74000331356174000331366374000232647400033131637400023764740003323361740003323661740003333062740003323662740003323063, 'orenv0@gmail.com'),
('38eb86a0-0858-4a88-bc2a-535168aaad11', 'החייאות וחנק', '2021-06-20 19:13:43.930000', 75, 0xaced0005757200135b4c6a6176612e6c616e672e537472696e673badd256e7e91d7b4702000078700000000a7400023461740002316174000332396174000331396274000331376174000233617400023561740003333062740003323664740003313164, 'orenv0@gmail.com'),
('3b04bfbb-c454-4ecd-a059-aa64427dbda9', 'החייאות וחנק', '2021-04-27 19:03:37.940000', 55, 0xaced0005757200135b4c6a6176612e6c616e672e537472696e673badd256e7e91d7b47020000787000000005740002346174000232617400033132617400033130627400023861, 'orenv0@gmail.com'),
('452ceece-b641-4926-b4b7-8f159a6593ba', 'החייאות וחנק', '2021-04-26 19:02:14.068000', 56, 0xaced0005757200135b4c6a6176612e6c616e672e537472696e673badd256e7e91d7b4702000078700000000574000237617400023261740002346174000236617400023961, 'orenv0@gmail.com'),
('5941b964-ec5b-42e3-9e37-47d1d24083a3', 'החייאות וחנק', '2021-04-27 18:59:56.567000', 52, 0xaced0005757200135b4c6a6176612e6c616e672e537472696e673badd256e7e91d7b47020000787000000004740002346174000331326174000239617400023761, 'orenv0@gmail.com'),
('5d6507d7-7da5-4cd7-9b76-ceb3a8de3087', 'החייאות וחנק', '2021-04-27 19:01:38.030000', 55, 0xaced0005757200135b4c6a6176612e6c616e672e537472696e673badd256e7e91d7b4702000078700000000574000331316174000331366174000331326474000232617400023461, 'orenv0@gmail.com'),
('8246adc5-38b3-48e2-a8c9-06fbbca51e8c', 'החייאות וחנק', '2021-04-27 19:00:51.087000', 49, 0xaced0005757200135b4c6a6176612e6c616e672e537472696e673badd256e7e91d7b4702000078700000000574000331316174000331326174000331396174000237627400023261, 'orenv0@gmail.com'),
('8b4e14a7-1865-4cd7-b212-ce11b5de06f0', 'החייאות וחנק', '2021-04-25 19:03:22.715000', 55, 0xaced0005757200135b4c6a6176612e6c616e672e537472696e673badd256e7e91d7b470200007870000000057400023761740003313161740002346474000232617400023861, 'orenv0@gmail.com'),
('8e66f3d1-ae20-4a6f-9f76-3b3ec0ec965c', 'החייאות וחנק', '2021-05-27 17:05:11.665000', 13, 0xaced0005757200135b4c6a6176612e6c616e672e537472696e673badd256e7e91d7b4702000078700000000a74000332336374000331356174000332376474000332326274000331316374000332306474000232637400033134647400033231637400023463, 'orenv0@gmail.com'),
('95132d5d-f285-4ec3-9fd6-0db30606e760', 'החייאות וחנק', '2021-04-27 19:03:50.131000', 29, 0xaced0005757200135b4c6a6176612e6c616e672e537472696e673badd256e7e91d7b470200007870000000027400023461740003313261, 'orenv0@gmail.com'),
('b3c415c0-6cf8-4316-8bd1-71567a92193b', 'החייאות וחנק', '2021-05-27 16:59:42.829000', 26, 0xaced0005757200135b4c6a6176612e6c616e672e537472696e673badd256e7e91d7b4702000078700000000a74000331316474000332326374000331346374000332336174000331376374000232637400023761740003323662740003323162740003313563, 'orenv0@gmail.com'),
('b84b8dbb-0313-494e-817a-139ba480f062', 'החייאות וחנק', '2021-06-08 10:19:30.917000', 96, 0xaced0005757200135b4c6a6176612e6c616e672e537472696e673badd256e7e91d7b4702000078700000000a74000237617400033136617400033238617400023962740003323761740003323961740003313961740003313861740003313061740003333061, 'orenv0@gmail.com'),
('be87d361-7a52-4def-bb8c-2e2daad5ca36', 'החייאות וחנק', '2021-04-27 19:02:29.021000', 39, 0xaced0005757200135b4c6a6176612e6c616e672e537472696e673badd256e7e91d7b47020000787000000004740002376174000331316174000232637400023461, 'orenv0@gmail.com'),
('ce0d737d-ced0-4928-825c-68095deeb75e', 'עצירת דימומים וחבישות', '2021-04-30 10:25:45.554000', 0, 0xaced0005757200135b4c6a6176612e6c616e672e537472696e673badd256e7e91d7b47020000787000000000, 'orenv0@gmail.com'),
('dbddad01-899b-46a0-a49c-3bb9d1347da8', 'החייאות וחנק', '2021-04-28 12:32:19.488000', 55, 0xaced0005757200135b4c6a6176612e6c616e672e537472696e673badd256e7e91d7b470200007870000000057400023461740002376174000331366174000238617400023362, 'orenv0@gmail.com'),
('e0334a6c-5d02-4c49-83ff-54287f61f356', 'החייאות וחנק', '2021-04-27 18:59:26.234000', 33, 0xaced0005757200135b4c6a6176612e6c616e672e537472696e673badd256e7e91d7b4702000078700000000374000234617400023261740003313261, 'orenv0@gmail.com'),
('f4f18f2f-7823-46fd-ac44-13e2fd0cf58a', 'החייאות וחנק', '2021-05-27 17:07:11.313000', 13, 0xaced0005757200135b4c6a6176612e6c616e672e537472696e673badd256e7e91d7b4702000078700000000a740002346174000231647400033232647400033231647400033230637400033233647400033135627400033131627400033134647400023764, 'orenv0@gmail.com'),
('fa383842-1133-4e93-b59f-dc17a8634957', 'החייאות וחנק', '2021-04-27 19:04:33.657000', 0, 0xaced0005757200135b4c6a6176612e6c616e672e537472696e673badd256e7e91d7b47020000787000000003740002376374000234637400023264, 'orenv0@gmail.com');

--
-- Constraints for dumped tables
--

--
-- Constraints for table `answers`
--
ALTER TABLE `answers`
  ADD CONSTRAINT `FK3erw1a3t0r78st8ty27x6v3g1` FOREIGN KEY (`question_id`) REFERENCES `questions` (`id`);

--
-- Constraints for table `instructions`
--
ALTER TABLE `instructions`
  ADD CONSTRAINT `FKsgiqfxq0so695vfbavumgjde5` FOREIGN KEY (`medical_case_case_name`) REFERENCES `medical_cases` (`case_name`);
COMMIT;

/*!40101 SET CHARACTER_SET_CLIENT=@OLD_CHARACTER_SET_CLIENT */;
/*!40101 SET CHARACTER_SET_RESULTS=@OLD_CHARACTER_SET_RESULTS */;
/*!40101 SET COLLATION_CONNECTION=@OLD_COLLATION_CONNECTION */;
